[
{
    "model": "world.post",
    "pk": 12,
    "fields": {
        "user": 4,
        "title": "Nature1",
        "description": "An image of Nature",
        "image": "benjamin-davies-Zm2n2O7Fph4-unsplash.jpg",
        "post_date": "2023-11-19T14:56:46.328Z",
        "last_modified_date": "2023-11-19T14:56:46.328Z",
        "liked": []
    }
},
{
    "model": "world.post",
    "pk": 13,
    "fields": {
        "user": 4,
        "title": "Nature1",
        "description": "An image of Nature",
        "image": "benjamin-davies-Zm2n2O7Fph4-unsplash_Ne1Jkt6.jpg",
        "post_date": "2023-11-19T14:58:01.252Z",
        "last_modified_date": "2023-11-19T14:58:01.252Z",
        "liked": [
            5,
            3
        ]
    }
},
{
    "model": "world.post",
    "pk": 15,
    "fields": {
        "user": 4,
        "title": "East Turkestan Flag",
        "description": "The East Turkestan Flag",
        "image": "istockphoto-1069772698-612x612.jpg",
        "post_date": "2023-11-19T16:32:38.083Z",
        "last_modified_date": "2023-11-19T16:32:38.083Z",
        "liked": []
    }
},
{
    "model": "world.post",
    "pk": 19,
    "fields": {
        "user": 4,
        "title": "A Beautiful Flag",
        "description": "This is the flag of East Turkestan",
        "image": "beautiful_flag.jpg",
        "post_date": "2023-11-19T20:52:45.709Z",
        "last_modified_date": "2023-11-19T20:52:45.709Z",
        "liked": []
    }
},
{
    "model": "world.post",
    "pk": 20,
    "fields": {
        "user": 4,
        "title": "In the forest",
        "description": "The woods",
        "image": "bright_woods.jpg",
        "post_date": "2023-11-19T20:53:46.988Z",
        "last_modified_date": "2023-11-19T20:53:46.988Z",
        "liked": []
    }
},
{
    "model": "world.post",
    "pk": 21,
    "fields": {
        "user": 4,
        "title": "Dew",
        "description": "The dew",
        "image": "dew.jpg",
        "post_date": "2023-11-19T20:54:14.211Z",
        "last_modified_date": "2023-11-19T20:54:14.211Z",
        "liked": [
            5
        ]
    }
},
{
    "model": "world.post",
    "pk": 22,
    "fields": {
        "user": 4,
        "title": "At the sunset",
        "description": "A beautiful grassland at the sunset",
        "image": "sunset.jpg",
        "post_date": "2023-11-19T20:57:11.052Z",
        "last_modified_date": "2023-11-19T20:57:11.052Z",
        "liked": [
            4
        ]
    }
},
{
    "model": "world.post",
    "pk": 23,
    "fields": {
        "user": 4,
        "title": "Railroad",
        "description": "It is a long railroad.",
        "image": "railway_in_the_forest.jpg",
        "post_date": "2023-11-19T21:00:04.612Z",
        "last_modified_date": "2023-11-19T21:00:04.612Z",
        "liked": []
    }
},
{
    "model": "world.post",
    "pk": 24,
    "fields": {
        "user": 5,
        "title": "The city1",
        "description": "Have you ever been there?",
        "image": "city1.jpg",
        "post_date": "2023-11-20T13:27:51.819Z",
        "last_modified_date": "2023-11-20T13:27:51.819Z",
        "liked": []
    }
},
{
    "model": "world.post",
    "pk": 25,
    "fields": {
        "user": 5,
        "title": "The city2",
        "description": "Is it beautiful?",
        "image": "city2.jpg",
        "post_date": "2023-11-20T13:28:59.880Z",
        "last_modified_date": "2023-11-20T13:28:59.880Z",
        "liked": []
    }
},
{
    "model": "world.post",
    "pk": 26,
    "fields": {
        "user": 5,
        "title": "Big building",
        "description": "Those are tall buildings, aren't they? Have you ever been there?",
        "image": "city3.jpg",
        "post_date": "2023-11-28T14:18:18.313Z",
        "last_modified_date": "2023-11-28T14:18:18.313Z",
        "liked": []
    }
},
{
    "model": "world.post",
    "pk": 27,
    "fields": {
        "user": 6,
        "title": "The tower",
        "description": "Two towers",
        "image": "city10.jpg",
        "post_date": "2023-11-28T17:40:16.947Z",
        "last_modified_date": "2023-11-28T17:40:16.947Z",
        "liked": []
    }
},
{
    "model": "world.post",
    "pk": 28,
    "fields": {
        "user": 3,
        "title": "Cats are the best animal",
        "description": "hello",
        "image": "beautifulkitty.jpg",
        "post_date": "2023-11-28T19:52:55.426Z",
        "last_modified_date": "2023-11-28T19:52:55.426Z",
        "liked": [
            2,
            5
        ]
    }
},
{
    "model": "world.post",
    "pk": 29,
    "fields": {
        "user": 3,
        "title": "Cats are so cute",
        "description": "I love cats",
        "image": "sleepingkitty.webp",
        "post_date": "2023-11-28T19:53:26.430Z",
        "last_modified_date": "2023-11-28T19:53:26.430Z",
        "liked": [
            4,
            2
        ]
    }
},
{
    "model": "world.post",
    "pk": 30,
    "fields": {
        "user": 2,
        "title": "bob",
        "description": "ahahahhahahah i am so cool",
        "image": "dew_8vUXhTh.jpg",
        "post_date": "2023-11-28T22:09:29.371Z",
        "last_modified_date": "2023-11-28T22:09:29.371Z",
        "liked": [
            2
        ]
    }
},
{
    "model": "world.post",
    "pk": 31,
    "fields": {
        "user": 5,
        "title": "I like winter",
        "description": "Winter scene",
        "image": "2.snow.webp",
        "post_date": "2023-12-06T19:59:30.240Z",
        "last_modified_date": "2023-12-06T19:59:30.240Z",
        "liked": [
            6,
            3
        ]
    }
},
{
    "model": "world.post",
    "pk": 32,
    "fields": {
        "user": 2,
        "title": "fhjksdalfjaksl",
        "description": "fhsjdklasdjfjklh fjdshlf sdhfjsdkl fhsjdhfklsad h akfhdsjklafhl",
        "image": "5.animalFamily.webp",
        "post_date": "2023-12-09T15:42:03.167Z",
        "last_modified_date": "2023-12-09T15:42:03.167Z",
        "liked": [
            2,
            6
        ]
    }
},
{
    "model": "world.post",
    "pk": 33,
    "fields": {
        "user": 3,
        "title": "mY cAT",
        "description": "This is my cat!! :)",
        "image": "mycat.png",
        "post_date": "2023-12-09T16:05:28.818Z",
        "last_modified_date": "2023-12-09T16:05:28.818Z",
        "liked": [
            3,
            5
        ]
    }
},
{
    "model": "world.post",
    "pk": 34,
    "fields": {
        "user": 2,
        "title": "I am so good. atoDYSA I LOST MY PASSWORD AND I HAD TO CHANGE IT. BLAH BLAH POOP",
        "description": "HFDJHAWEKJSFDGVACLSKhjBMNz cx",
        "image": "04dl5wInGRGw73W09cyuTjW-1..v1651505202.jpg",
        "post_date": "2023-12-12T21:47:26.094Z",
        "last_modified_date": "2023-12-12T21:47:26.094Z",
        "liked": [
            2
        ]
    }
},
{
    "model": "world.post",
    "pk": 35,
    "fields": {
        "user": 2,
        "title": "me and dada",
        "description": "gshfbdjsbfcvhsdjhfns jfhgsjdsjfkskf;saflk",
        "image": "hahaha.jpeg",
        "post_date": "2023-12-12T21:52:47.344Z",
        "last_modified_date": "2023-12-12T21:52:47.344Z",
        "liked": [
            5
        ]
    }
},
{
    "model": "world.post",
    "pk": 36,
    "fields": {
        "user": 2,
        "title": "hi my name is Wasila and I love mi familia",
        "description": "🐒🐒🐒🐒🐒🐒🐒🐒🐒🐒🐒🐒🐒🐒🐒🐒🐒🐒🐒🐒🐒🐒🐒🐒🐒🐒🐒🐒🐒🐒🐒🐒🐒🐒🐒🐒🐒🐒🐒🐒🐒🐒🐒🐒🐒🐒🐒🐒🐒🐒🐒🐒🐒🐒🐒🐒🐒🐒🐒🐒🐒🐒🐒🐒🐒🐒🐒🐒🐒🐒🐒🐒🐒🐒🐒🐒🐒🐒🐒🐒🐒🐒🐒🐒🐒🐒🐒🐒🐒🐒🐒🐒🐒🐒🐒🐒🐒🐒🐒🐒🐒🐒🐒🐒🐒🐒🐒🐒🐒🐒🐒🐒🐒🐒🐒🐒🐒🐒🐒🐒🐒🐒🐒🐒🐒🐒🐒🐒🐒🐒🐒🐒🐒🐒🐒🐒🐒🐒🐒🐒🐒🐒🐒🐒🐒🐒🐒🐒🐒🐒🐒🐒🐒🐒🐒🐒🐒🐒🐒🐒🐒🐒🐒🐒🐒🐒🐒🐒🐒🐒🐒🐒🐒🐒🐒🐒🐒🐒🐒🐒🐒🐒🐒🐒🐒🐒🐒🐒🐒🐒🐒🐒🐒🐒🐒🐒🐒🐒🐒🐒🐒🐒🐒🐒🐒🐒🐒🐒🐒🐒🐒🐒🐒🐒🐒🐒🐒🐒🐒🐒🐒🐒🐒🐒🐒🐒🐒🐒🐒🐒🐒🐒🐒🐒🐒🐒🐒🐒🐒🐒🐒🐒🐒🐒🐒🐒🐒🐒🐒🐒🐒🐒🐒🐒🐒🐒🐒🐒🐒🐒🐒🐒🐒🐒🐒🐒🐒🐒🐒🐒🐒🐒🐒🐒🐒🐒🐒🐒🐒🐒🐒🐒🐒🐒🐒🐒🐒🐒🐒🐒🐒🐒🐒🐒🐒🐒🐒🐒🐒🐒🐒🐒🐒🐒🐒🐒🐒🐒🐒🐒🐒🐒🐒🐒🐒🐒🐒🐒🐒🐒🐒🐒🐒🐒🐒🐒🐒🐒🐒🐒🐒🐒🐒🐒🐒🐒🐒🐒🐒🐒🐒🐒🐒🐒🐒🐒🐒🐒🐒🐒🐒🐒🐒🐒🐒🐒🐒🐒🐒🐒🐒🐒🐒🐒🐒🐒🐒🐒🐒🐒🐒🐒🐒🐒🐒🐒🐒🐒🐒🐒🐒🐒🐒🐒🐒🐒🐒🐒🐒🐒🐒🐒🐒🐒🐒🐒🐒🐒🐒🐒🐒🐒🐒🐒🐒🐒🐒🐒🐒🐒🐒🐒🐒🐒🐒🐒🐒🐒🐒🐒🐒🐒🐒🐒🐒🐒🐒🐒🐒🐒🐒🐒🐒🐒🐒🐒🐒🐒🐒🐒🐒🐒🐒🐒🐒🐒🐒🐒🐒🐒🐒🐒🐒🐒🐒🐒🐒🐒🐒🐒🐒🐒🐒🐒🐒🐒🐒🐒🐒🐒🐒🐒🐒🐒🐒🐒🐒🐒🐒🐒🐒🐒🐒🐒🐒🐒🐒🐒🐒🐒🐒🐒🐒🐒🐒🐒🐒🐒🐒🐒🐒🐒🐒🐒🐒🐒🐒🐒🐒🐒🐒🐒🐒🐒🐒🐒🐒🐒🐒🐒🐒🐒🐒🐒🐒🐒🐒🐒🐒🐒🐒🐒🐒🐒🐒🐒🐒🐒🐒🐒🐒🐒🐒🐒🐒🐒🐒🐒🐒🐒🐒🐒🐒🐒🐒🐒🐒🐒🐒🐒🐒🐒🐒🐒🐒🐒🐒🐒🐒🐒🐒🐒🐒🐒🐒🐒🐒🐒🐒🐒🐒🐒🐒🐒🐒🐒🐒🐒🐒🐒🐒🐒🐒🐒🐒🐒🐒🐒🐒🐒🐒🐒🐒🐒🐒🐒🐒🐒🐒🐒🐒🐒🐒🐒🐒🐒🐒🐒🐒🐒🐒🐒🐒🐒🐒🐒🐒🐒🐒🐒🐒🐒🐒🐒🐒🐒🐒🐒🐒🐒🐒🐒🐒🐒🐒🐒🐒🐒🐒🐒🐒🐒🐒🐒🐒🐒🐒🐒🐒🐒🐒🐒🐒🐒🐒🐒🐒🐒🐒🐒🐒🐒🐒🐒🐒🐒🐒🐒🐒🐒🐒🐒🐒🐒🐒🐒🐒🐒🐒🐒🐒🐒🐒🐒🐒🐒🐒🐒🐒🐒🐒🐒🐒🐒🐒🐒🐒🐒🐒🐒🐒🐒🐒🐒🐒🐒🐒🐒🐒🐒🐒🐒🐒🐒🐒🐒🐒🐒🐒🐒🐒🐒🐒🐒🐒🐒🐒🐒🐒🐒🐒🐒🐒🐒🐒🐒🐒🐒🐒🐒🐒🐒🐒🐒🐒🐒🐒🐒🐒🐒🐒🐒🐒🐒🐒🐒🐒🐒🐒🐒🐒🐒🐒🐒🐒🐒🐒🐒🐒🐒🐒🐒🐒🐒🐒🐒🐒🐒🐒🐒🐒🐒🐒🐒🐒🐒🐒🐒🐒🐒🐒🐒🐒🐒🐒🐒🐒🐒🐒🐒🐒🐒🐒🐒🐒🐒🐒🐒🐒🐒🐒🐒🐒🐒🐒🐒🐒🐒🐒🐒🐒🐒🐒🐒🐒🐒🐒🐒🐒🐒🐒🐒🐒🐒🐒🐒🐒🐒🐒🐒🐒🐒🐒🐒🐒🐒🐒🐒🐒🐒🐒🐒🐒🐒🐒🐒🐒🐒🐒🐒🐒🐒🐒🐒🐒🐒🐒🐒🐒🐒🐒🐒🐒🐒🐒🐒🐒🐒🐒🐒🐒🐒🐒🐒🐒🐒🐒🐒🐒🐒🐒🐒🐒🐒🐒🐒🐒🐒🐒🐒🐒🐒🐒🐒🐒🐒🐒🐒🐒🐒🐒🐒🐒🐒🐒🐒🐒🐒🐒🐒🐒🐒🐒🐒🐒🐒🐒🐒🐒🐒🐒🐒🐒🐒🐒🐒🐒🐒🐒🐒🐒🐒🐒🐒🐒🐒🐒🐒🐒🐒🐒🐒🐒🐒🐒🐒🐒🐒🐒🐒🐒🐒🐒🐒🐒🐒🐒🐒🐒🐒🐒🐒🐒🐒🐒🐒🐒🐒🐒🐒🐒🐒🐒🐒🐒🐒🐒🐒🐒🐒🐒🐒🐒🐒🐒🐒🐒🐒🐒🐒🐒🐒🐒🐒🐒🐒🐒🐒🐒🐒🐒🐒🐒🐒🐒🐒🐒🐒🐒🐒🐒🐒🐒🐒🐒🐒🐒🐒🐒🐒🐒🐒🐒🐒🐒🐒🐒🐒🐒🐒🐒🐒🐒🐒🐒🐒🐒🐒🐒🐒🐒🐒🐒🐒🐒🐒🐒🐒🐒🐒🐒🐒🐒🐒🐒🐒🐒🐒🐒🐒🐒🐒🐒🐒🐒🐒🐒🐒🐒🐒🐒🐒🐒🐒🐒🐒🐒🐒🐒🐒🐒🐒🐒🐒🐒🐒🐒🐒🐒🐒🐒🐒🐒🐒🐒🐒🐒🐒🐒🐒🐒🐒🐒🐒🐒🐒🐒🐒🐒🐒🐒🐒🐒🐒🐒🐒🐒🐒🐒🐒🐒🐒🐒🐒🐒🐒🐒🐒🐒🐒🐒🐒🐒🐒🐒🐒🐒🐒🐒🐒🐒🐒🐒🐒🐒🐒🐒🐒🐒🐒🐒🐒🐒🐒🐒🐒🐒🐒🐒🐒🐒🐒🐒🐒🐒🐒🐒🐒🐒🐒🐒🐒🐒🐒🐒🐒🐒🐒🐒🐒🐒🐒🐒🐒🐒🐒🐒🐒🐒🐒🐒🐒🐒🐒🐒🐒🐒🐒🐒🐒🐒🐒🐒🐒🐒🐒🐒🐒🐒🐒🐒🐒🐒🐒🐒🐒🐒🐒🐒🐒🐒🐒🐒🐒🐒🐒🐒🐒🐒🐒🐒🐒🐒🐒🐒🐒🐒🐒🐒🐒🐒🐒🐒🐒🐒🐒🐒🐒🐒🐒🐒🐒🐒🐒🐒🐒🐒🐒🐒🐒🐒🐒🐒🐒🐒🐒🐒🐒🐒🐒🐒🐒🐒🐒🐒🐒🐒🐒🐒🐒🐒🐒🐒🐒🐒🐒🐒🐒🐒🐒🐒🐒🐒🐒🐒🐒🐒🐒🐒🐒🐒🐒🐒🐒🐒🐒🐒🐒🐒🐒🐒🐒🐒🐒🐒🐒🐒🐒🐒🐒🐒🐒🐒🐒🐒🐒🐒🐒🐒🐒🐒🐒🐒🐒🐒🐒🐒🐒🐒🐒🐒🐒🐒🐒🐒🐒🐒🐒🐒🐒🐒🐒🐒🐒🐒🐒🐒🐒🐒🐒🐒🐒🐒🐒🐒🐒🐒🐒🐒🐒🐒🐒🐒🐒🐒🐒🐒🐒🐒🐒🐒🐒🐒🐒🐒🐒🐒🐒🐒🐒🐒🐒🐒🐒🐒🐒🐒🐒🐒🐒🐒🐒🐒🐒🐒🐒🐒🐒🐒🐒🐒🐒🐒🐒🐒🐒🐒🐒🐒🐒🐒🐒🐒🐒🐒🐒🐒🐒🐒🐒🐒🐒🐒🐒🐒🐒🐒🐒🐒🐒🐒🐒🐒🐒🐒🐒🐒🐒🐒🐒🐒🐒🐒🐒🐒🐒🐒🐒🐒🐒🐒🐒🐒🐒🐒🐒🐒🐒🐒🐒🐒🐒🐒🐒🐒🐒🐒🐒🐒🐒🐒🐒🐒🐒🐒🐒🐒🐒🐒🐒🐒🐒🐒🐒🐒🐒🐒🐒🐒🐒🐒🐒🐒🐒🐒🐒🐒🐒🐒🐒🐒🐒🐒🐒🐒🐒🐒🐒🐒🐒🐒🐒🐒🐒🐒🐒🐒🐒🐒🐒🐒🐒🐒🐒🐒🐒🐒🐒🐒🐒🐒🐒🐒🐒🐒🐒🐒🐒🐒🐒🐒🐒🐒🐒🐒🐒🐒🐒🐒🐒🐒🐒🐒🐒🐒🐒🐒🐒🐒🐒🐒🐒🐒🐒🐒🐒🐒🐒🐒🐒🐒🐒🐒🐒🐒🐒🐒🐒🐒🐒🐒🐒🐒🐒🐒🐒🐒🐒🐒🐒🐒🐒🐒🐒🐒🐒🐒🐒🐒🐒🐒🐒🐒🐒🐒🐒🐒🐒🐒🐒🐒🐒🐒🐒🐒🐒🐒🐒🐒🐒🐒🐒🐒🐒🐒🐒🐒🐒🐒🐒🐒🐒🐒🐒🐒🐒🐒🐒🐒🐒🐒🐒🐒🐒🐒🐒🐒🐒🐒🐒🐒🐒🐒🐒🐒🐒🐒🐒🐒🐒🐒🐒🐒🐒🐒🐒🐒🐒🐒🐒🐒🐒🐒🐒🐒🐒🐒🐒🐒🐒🐒🐒🐒🐒🐒🐒🐒🐒🐒🐒🐒🐒🐒🐒🐒🐒🐒🐒🐒🐒🐒🐒🐒🐒🐒🐒🐒🐒🐒🐒🐒🐒🐒🐒🐒🐒🐒🐒🐒🐒🐒🐒🐒🐒🐒🐒🐒🐒🐒🐒🐒🐒🐒🐒🐒🐒🐒🐒🐒🐒🐒🐒🐒🐒🐒🐒🐒🐒🐒🐒🐒🐒🐒🐒🐒🐒🐒🐒🐒🐒🐒🐒🐒🐒🐒🐒🐒🐒🐒🐒🐒🐒🐒🐒🐒🐒🐒🐒🐒🐒🐒🐒🐒🐒🐒🐒🐒🐒🐒🐒🐒🐒🐒🐒🐒🐒🐒🐒🐒🐒🐒🐒🐒🐒🐒🐒🐒🐒🐒🐒🐒🐒🐒🐒🐒🐒🐒🐒🐒🐒🐒🐒🐒🐒🐒🐒🐒🐒🐒🐒🐒🐒🐒🐒🐒🐒🐒🐒🐒🐒🐒🐒🐒🐒🐒🐒🐒🐒🐒🐒🐒🐒🐒🐒🐒🐒🐒🐒🐒🐒🐒🐒🐒🐒🐒🐒🐒🐒🐒🐒🐒🐒🐒🐒🐒🐒🐒🐒🐒🐒🐒🐒🐒🐒🐒🐒🐒🐒🐒🐒🐒🐒🐒🐒🐒🐒🐒🐒🐒🐒🐒🐒🐒🐒🐒🐒🐒🐒🐒🐒🐒🐒🐒🐒🐒🐒🐒🐒🐒🐒🐒🐒🐒🐒🐒🐒🐒🐒🐒🐒🐒🐒🐒🐒🐒🐒🐒🐒🐒🐒🐒🐒🐒🐒🐒🐒🐒🐒🐒🐒🐒🐒🐒🐒🐒🐒🐒🐒🐒🐒🐒🐒🐒🐒🐒🐒🐒🐒🐒🐒🐒🐒🐒🐒🐒🐒🐒🐒🐒🐒🐒🐒🐒🐒🐒🐒🐒🐒🐒🐒🐒🐒🐒🐒🐒🐒🐒🐒🐒🐒🐒🐒🐒🐒🐒🐒🐒🐒🐒🐒🐒🐒🐒🐒🐒🐒🐒🐒🐒🐒🐒🐒🐒🐒🐒🐒🐒🐒🐒🐒🐒🐒🐒🐒🐒🐒🐒🐒🐒🐒🐒🐒🐒🐒🐒🐒🐒🐒🐒🐒🐒🐒🐒🐒🐒🐒🐒🐒🐒🐒🐒🐒🐒🐒🐒🐒🐒🐒🐒🐒🐒🐒🐒🐒🐒🐒🐒🐒🐒🐒🐒🐒🐒🐒🐒🐒🐒🐒🐒🐒🐒🐒🐒🐒🐒🐒🐒🐒🐒🐒🐒🐒🐒🐒🐒🐒🐒🐒🐒🐒🐒🐒🐒🐒🐒🐒🐒🐒🐒🐒🐒🐒🐒🐒🐒🐒🐒🐒🐒🐒🐒🐒🐒🐒🐒🐒🐒🐒🐒🐒🐒🐒🐒🐒🐒🐒🐒🐒🐒🐒🐒🐒🐒🐒🐒🐒🐒🐒🐒🐒🐒🐒🐒🐒🐒🐒🐒🐒🐒🐒🐒🐒🐒🐒🐒🐒🐒🐒🐒🐒🐒🐒🐒🐒🐒🐒🐒🐒🐒🐒🐒🐒🐒🐒🐒🐒🐒🐒🐒🐒🐒🐒🐒🐒🐒🐒🐒🐒🐒🐒🐒🐒🐒🐒🐒🐒🐒🐒🐒🐒🐒🐒🐒🐒🐒🐒🐒🐒🐒🐒🐒🐒🐒🐒🐒🐒🐒🐒🐒🐒🐒🐒🐒🐒🐒🐒🐒🐒🐒🐒🐒🐒🐒🐒🐒🐒🐒🐒🐒🐒🐒🐒🐒🐒🐒🐒🐒🐒🐒🐒🐒🐒🐒🐒🐒🐒🐒🐒🐒🐒🐒🐒🐒🐒🐒🐒🐒🐒🐒🐒🐒🐒🐒🐒🐒🐒🐒🐒🐒🐒🐒🐒🐒🐒🐒🐒🐒🐒🐒🐒🐒🐒🐒🐒🐒🐒🐒🐒🐒🐒🐒🐒🐒🐒🐒🐒🐒🐒🐒🐒🐒🐒🐒🐒🐒🐒🐒🐒🐒🐒🐒🐒🐒🐒🐒🐒🐒🐒🐒🐒🐒🐒🐒🐒🐒🐒🐒🐒🐒🐒🐒🐒🐒🐒🐒🐒🐒🐒🐒🐒🐒🐒🐒🐒🐒🐒🐒🐒🐒🐒🐒🐒🐒🐒🐒🐒🐒🐒🐒🐒🐒🐒🐒🐒🐒🐒🐒🐒🐒🐒🐒🐒🐒🐒🐒🐒🐒🐒🐒🐒🐒🐒🐒🐒🐒🐒🐒🐒🐒🐒🐒🐒🐒🐒🐒🐒🐒🐒🐒🐒🐒🐒🐒🐒🐒🐒🐒🐒🐒🐒🐒🐒🐒🐒🐒🐒🐒🐒🐒🐒🐒🐒🐒🐒🐒🐒🐒🐒🐒🐒🐒🐒🐒🐒🐒🐒🐒🐒🐒🐒🐒🐒🐒🐒🐒🐒🐒🐒🐒🐒🐒🐒🐒🐒🐒🐒🐒🐒🐒🐒🐒🐒🐒🐒🐒🐒🐒🐒🐒🐒🐒🐒🐒🐒🐒🐒🐒🐒🐒🐒🐒🐒🐒🐒🐒🐒🐒🐒🐒🐒🐒🐒🐒🐒🐒🐒🐒🐒🐒🐒🐒🐒🐒🐒🐒🐒🐒🐒🐒🐒🐒🐒🐒🐒🐒🐒🐒🐒🐒🐒🐒🐒🐒🐒🐒🐒🐒🐒🐒🐒🐒🐒🐒🐒🐒🐒🐒🐒🐒🐒🐒🐒🐒🐒🐒🐒🐒🐒🐒🐒🐒🐒🐒🐒🐒🐒🐒🐒🐒🐒🐒🐒🐒🐒🐒🐒🐒🐒🐒🐒🐒🐒🐒🐒🐒🐒🐒🐒🐒🐒🐒🐒🐒🐒🐒🐒🐒🐒🐒🐒🐒🐒🐒🐒🐒🐒🐒🐒🐒🐒🐒🐒🐒🐒🐒🐒🐒🐒🐒🐒🐒🐒🐒🐒🐒🐒🐒🐒🐒🐒🐒🐒🐒🐒🐒🐒🐒🐒🐒🐒🐒🐒🐒🐒🐒🐒🐒🐒🐒🐒🐒🐒🐒🐒🐒🐒🐒🐒🐒🐒🐒🐒🐒🐒🐒🐒🐒🐒🐒🐒🐒🐒🐒🐒🐒🐒🐒🐒🐒🐒🐒🐒🐒🐒🐒🐒🐒🐒🐒🐒🐒🐒🐒🐒🐒🐒🐒🐒🐒🐒🐒🐒🐒🐒🐒🐒🐒🐒🐒🐒🐒🐒🐒🐒🐒🐒🐒🐒🐒🐒🐒🐒🐒🐒🐒🐒🐒🐒🐒🐒🐒🐒🐒🐒🐒🐒🐒🐒🐒🐒🐒🐒🐒🐒🐒🐒🐒🐒🐒🐒🐒🐒🐒🐒🐒🐒🐒🐒🐒🐒🐒🐒🐒🐒🐒🐒🐒🐒🐒🐒🐒🐒🐒🐒🐒🐒🐒🐒🐒🐒🐒🐒🐒🐒🐒🐒🐒🐒🐒🐒🐒🐒🐒🐒🐒🐒🐒🐒🐒🐒🐒🐒🐒🐒🐒🐒🐒🐒🐒🐒🐒🐒🐒🐒🐒🐒🐒🐒🐒🐒🐒🐒🐒🐒🐒🐒🐒🐒🐒🐒🐒🐒🐒🐒🐒🐒🐒🐒🐒🐒🐒🐒🐒🐒🐒🐒🐒🐒🐒🐒🐒🐒🐒🐒🐒🐒🐒🐒🐒🐒🐒🐒🐒🐒🐒🐒🐒🐒🐒🐒🐒🐒🐒🐒🐒🐒🐒🐒🐒🐒🐒🐒🐒🐒🐒🐒🐒🐒🐒🐒🐒🐒🐒🐒🐒🐒🐒🐒🐒🐒🐒🐒🐒🐒🐒🐒🐒🐒🐒🐒🐒🐒🐒🐒🐒🐒🐒🐒🐒🐒🐒🐒🐒🐒🐒🐒🐒🐒🐒🐒🐒🐒🐒🐒🐒🐒🐒🐒🐒🐒🐒🐒🐒🐒🐒🐒🐒🐒🐒🐒🐒🐒🐒🐒🐒🐒🐒🐒🐒🐒🐒🐒🐒🐒🐒🐒🐒🐒🐒🐒🐒🐒🐒🐒🐒🐒🐒🐒🐒🐒🐒🐒🐒🐒🐒🐒🐒🐒🐒🐒🐒🐒🐒🐒🐒🐒🐒🐒🐒🐒🐒🐒🐒🐒🐒🐒🐒🐒🐒🐒🐒🐒🐒🐒🐒🐒🐒🐒🐒🐒🐒🐒🐒🐒🐒🐒🐒🐒🐒🐒🐒🐒🐒🐒🐒🐒🐒🐒🐒🐒🐒🐒🐒🐒🐒🐒🐒🐒🐒🐒🐒🐒🐒🐒🐒🐒🐒🐒🐒🐒🐒🐒🐒🐒🐒🐒🐒🐒🐒🐒🐒🐒🐒🐒🐒🐒🐒🐒🐒🐒🐒🐒🐒🐒🐒🐒🐒🐒🐒🐒🐒🐒🐒🐒🐒🐒🐒🐒🐒🐒🐒🐒🐒🐒🐒🐒🐒🐒🐒🐒🐒🐒🐒🐒🐒🐒🐒🐒🐒🐒🐒🐒🐒🐒🐒🐒🐒🐒🐒🐒🐒🐒🐒🐒🐒🐒🐒🐒🐒🐒🐒🐒🐒🐒🐒🐒🐒🐒🐒🐒🐒🐒🐒🐒🐒🐒🐒🐒🐒🐒🐒🐒🐒🐒🐒🐒🐒🐒🐒🐒🐒🐒🐒🐒🐒🐒🐒🐒🐒🐒🐒🐒🐒🐒🐒🐒🐒🐒🐒🐒🐒🐒🐒🐒🐒🐒🐒🐒🐒🐒🐒🐒🐒🐒🐒🐒🐒🐒🐒🐒🐒🐒🐒🐒🐒🐒🐒🐒🐒🐒🐒🐒🐒🐒🐒🐒🐒🐒🐒🐒🐒🐒🐒🐒🐒🐒🐒🐒🐒🐒🐒🐒🐒🐒🐒🐒🐒🐒🐒🐒🐒🐒🐒🐒🐒🐒🐒🐒🐒🐒🐒🐒🐒🐒🐒🐒🐒🐒🐒🐒🐒🐒🐒🐒🐒🐒🐒🐒🐒🐒🐒🐒🐒🐒🐒🐒🐒🐒🐒🐒🐒🐒🐒🐒🐒🐒🐒🐒🐒🐒🐒🐒🐒🐒🐒🐒🐒🐒🐒🐒🐒🐒🐒🐒🐒🐒🐒🐒🐒🐒🐒🐒🐒🐒🐒🐒🐒🐒🐒🐒🐒🐒🐒🐒🐒🐒🐒🐒🐒🐒🐒🐒🐒🐒🐒🐒🐒🐒🐒🐒🐒🐒🐒🐒🐒🐒🐒🐒🐒🐒🐒🐒🐒🐒🐒🐒🐒🐒🐒🐒🐒🐒🐒🐒🐒🐒🐒🐒🐒🐒🐒🐒🐒🐒🐒🐒🐒🐒🐒🐒🐒🐒🐒🐒🐒🐒🐒🐒🐒🐒🐒🐒🐒🐒🐒🐒🐒🐒🐒🐒🐒🐒🐒🐒🐒🐒🐒🐒🐒🐒🐒🐒🐒🐒🐒🐒🐒🐒🐒🐒🐒🐒🐒🐒🐒🐒🐒🐒🐒🐒🐒🐒🐒🐒🐒🐒🐒🐒🐒🐒🐒🐒🐒🐒🐒🐒🐒🐒🐒🐒🐒🐒🐒🐒🐒🐒🐒🐒🐒🐒🐒🐒🐒🐒🐒🐒🐒🐒🐒🐒🐒🐒🐒🐒🐒🐒🐒🐒🐒🐒🐒🐒🐒🐒🐒🐒🐒🐒🐒🐒🐒🐒🐒🐒🐒🐒🐒🐒🐒🐒🐒🐒🐒🐒🐒🐒🐒🐒🐒🐒🐒🐒🐒🐒🐒🐒🐒🐒🐒🐒🐒🐒🐒🐒🐒🐒🐒🐒🐒🐒🐒🐒🐒🐒🐒🐒🐒🐒🐒🐒🐒🐒🐒🐒🐒🐒🐒🐒🐒🐒🐒🐒🐒🐒🐒🐒🐒🐒🐒🐒🐒🐒🐒🐒🐒🐒🐒🐒🐒🐒🐒🐒🐒🐒🐒🐒🐒🐒🐒🐒🐒🐒🐒🐒🐒🐒🐒🐒🐒🐒🐒🐒🐒🐒🐒🐒🐒🐒🐒🐒🐒🐒🐒🐒🐒🐒🐒🐒🐒🐒🐒🐒🐒🐒🐒🐒🐒🐒🐒🐒🐒🐒🐒🐒🐒🐒🐒🐒🐒🐒🐒🐒🐒🐒🐒🐒🐒🐒🐒🐒🐒🐒🐒🐒🐒🐒🐒🐒🐒🐒🐒🐒🐒🐒🐒🐒🐒🐒🐒🐒🐒🐒🐒🐒🐒🐒🐒🐒🐒🐒🐒🐒🐒🐒🐒🐒🐒🐒🐒🐒🐒🐒🐒🐒🐒🐒🐒🐒🐒🐒🐒🐒🐒🐒🐒🐒🐒🐒🐒🐒🐒🐒🐒🐒🐒🐒🐒🐒🐒🐒🐒🐒🐒🐒🐒🐒🐒🐒🐒🐒🐒🐒🐒🐒🐒🐒🐒🐒🐒🐒🐒🐒🐒🐒🐒🐒🐒🐒🐒🐒🐒🐒🐒🐒🐒🐒🐒🐒🐒🐒🐒🐒🐒🐒🐒🐒🐒🐒🐒🐒🐒🐒🐒🐒🐒🐒🐒🐒🐒🐒🐒🐒🐒🐒🐒🐒🐒🐒🐒🐒🐒🐒🐒🐒🐒🐒🐒🐒🐒🐒🐒🐒🐒🐒🐒🐒🐒🐒🐒🐒🐒🐒🐒🐒🐒🐒🐒🐒🐒🐒🐒🐒🐒🐒🐒🐒🐒🐒🐒🐒🐒🐒🐒🐒🐒🐒🐒🐒🐒🐒🐒🐒🐒🐒🐒🐒🐒🐒🐒🐒🐒🐒🐒🐒🐒🐒🐒🐒🐒🐒🐒🐒🐒🐒🐒🐒🐒🐒🐒🐒🐒🐒🐒🐒🐒🐒🐒🐒🐒🐒🐒🐒🐒🐒🐒🐒🐒🐒🐒🐒🐒🐒🐒🐒🐒🐒🐒🐒🐒🐒🐒🐒🐒🐒🐒🐒🐒🐒🐒🐒🐒🐒🐒🐒🐒🐒🐒🐒🐒🐒🐒🐒🐒🐒🐒🐒🐒🐒🐒🐒🐒🐒🐒🐒🐒🐒🐒🐒🐒🐒🐒🐒🐒🐒🐒🐒🐒🐒🐒🐒🐒🐒🐒🐒🐒🐒🐒🐒🐒🐒🐒🐒🐒🐒🐒🐒🐒🐒🐒🐒🐒🐒🐒🐒🐒🐒🐒🐒🐒🐒🐒🐒🐒🐒🐒🐒🐒🐒🐒🐒🐒🐒🐒🐒🐒🐒🐒🐒🐒🐒🐒🐒🐒🐒🐒🐒🐒🐒🐒🐒🐒🐒🐒🐒🐒🐒🐒🐒🐒🐒🐒🐒🐒🐒🐒🐒🐒🐒🐒🐒🐒🐒🐒🐒🐒🐒🐒🐒🐒🐒🐒🐒🐒🐒🐒🐒🐒🐒🐒🐒🐒🐒🐒🐒🐒🐒🐒🐒🐒🐒🐒🐒🐒🐒🐒🐒🐒🐒🐒🐒🐒🐒🐒🐒🐒🐒🐒🐒🐒🐒🐒🐒🐒🐒🐒🐒🐒🐒🐒🐒🐒🐒🐒🐒🐒🐒🐒🐒🐒🐒🐒🐒🐒🐒🐒🐒🐒🐒🐒🐒🐒🐒🐒🐒🐒🐒🐒🐒🐒🐒🐒🐒🐒🐒🐒🐒🐒🐒🐒🐒🐒🐒🐒🐒🐒🐒🐒🐒🐒🐒🐒🐒🐒🐒🐒🐒🐒🐒🐒🐒🐒🐒🐒🐒🐒🐒🐒🐒🐒🐒🐒🐒🐒🐒🐒🐒🐒🐒🐒🐒🐒🐒🐒🐒🐒🐒🐒🐒🐒🐒🐒🐒🐒🐒🐒🐒🐒🐒🐒🐒🐒🐒🐒🐒🐒🐒🐒🐒🐒🐒🐒🐒🐒🐒🐒🐒🐒🐒🐒🐒🐒🐒🐒🐒🐒🐒🐒🐒🐒🐒🐒🐒🐒🐒🐒🐒🐒🐒🐒🐒🐒🐒🐒🐒🐒🐒🐒🐒🐒🐒🐒🐒🐒🐒🐒🐒🐒🐒🐒🐒🐒🐒🐒🐒🐒🐒🐒🐒🐒🐒🐒🐒🐒🐒🐒🐒🐒🐒🐒🐒🐒🐒🐒🐒🐒🐒🐒🐒🐒🐒🐒🐒🐒🐒🐒🐒🐒🐒🐒🐒🐒🐒🐒🐒🐒🐒🐒🐒🐒🐒🐒🐒🐒🐒🐒🐒🐒🐒🐒🐒🐒🐒🐒🐒🐒🐒🐒🐒🐒🐒🐒🐒🐒🐒🐒🐒🐒🐒🐒🐒🐒🐒🐒🐒🐒🐒🐒🐒🐒🐒🐒🐒🐒🐒🐒🐒🐒🐒🐒🐒🐒🐒🐒🐒🐒🐒🐒🐒🐒🐒🐒🐒🐒🐒🐒🐒🐒🐒🐒🐒🐒🐒🐒🐒🐒🐒🐒🐒🐒🐒🐒🐒🐒🐒🐒🐒🐒🐒🐒🐒🐒🐒🐒🐒🐒🐒🐒🐒🐒🐒🐒🐒🐒🐒🐒🐒🐒🐒🐒🐒🐒🐒🐒🐒🐒🐒🐒🐒🐒🐒🐒🐒🐒🐒🐒🐒🐒🐒🐒🐒🐒🐒🐒🐒🐒🐒🐒🐒🐒🐒🐒🐒🐒🐒🐒🐒🐒🐒🐒🐒🐒🐒🐒🐒🐒🐒🐒🐒🐒🐒🐒🐒🐒🐒🐒🐒🐒🐒🐒🐒🐒🐒🐒🐒🐒🐒🐒🐒🐒🐒🐒🐒🐒🐒🐒🐒🐒🐒🐒🐒🐒🐒🐒🐒🐒🐒🐒🐒🐒🐒🐒🐒🐒🐒🐒🐒🐒🐒🐒🐒🐒🐒🐒🐒🐒🐒🐒🐒🐒🐒🐒🐒🐒🐒🐒🐒🐒🐒🐒🐒🐒🐒🐒🐒🐒🐒🐒🐒🐒🐒🐒🐒🐒🐒🐒🐒🐒🐒🐒🐒🐒🐒🐒🐒🐒🐒🐒🐒🐒🐒🐒🐒🐒🐒🐒🐒🐒🐒🐒🐒🐒🐒🐒🐒🐒🐒🐒🐒🐒🐒🐒🐒🐒🐒🐒🐒🐒🐒🐒🐒🐒🐒🐒🐒🐒🐒🐒🐒🐒🐒🐒🐒🐒🐒🐒🐒🐒🐒🐒🐒🐒🐒🐒🐒🐒🐒🐒🐒🐒🐒🐒🐒🐒🐒🐒🐒🐒🐒🐒🐒🐒🐒🐒🐒🐒🐒🐒🐒🐒🐒🐒🐒🐒🐒🐒🐒🐒🐒🐒🐒🐒🐒🐒🐒🐒🐒🐒🐒🐒🐒🐒🐒🐒🐒🐒🐒🐒🐒🐒🐒🐒🐒🐒🐒🐒🐒🐒🐒🐒🐒🐒🐒🐒🐒🐒🐒🐒🐒🐒🐒🐒🐒🐒🐒🐒🐒🐒🐒🐒🐒🐒🐒🐒🐒🐒🐒🐒🐒🐒🐒🐒🐒🐒🐒🐒🐒🐒🐒🐒🐒🐒🐒🐒🐒🐒🐒🐒🐒🐒🐒🐒🐒🐒🐒🐒🐒🐒🐒🐒🐒🐒🐒🐒🐒🐒🐒🐒🐒🐒🐒🐒🐒🐒🐒🐒🐒🐒🐒🐒🐒🐒🐒🐒🐒🐒🐒🐒🐒🐒🐒🐒🐒🐒🐒🐒🐒🐒🐒🐒🐒🐒🐒🐒🐒🐒🐒🐒🐒🐒🐒🐒🐒🐒🐒🐒🐒🐒🐒🐒🐒🐒🐒🐒🐒🐒🐒🐒🐒🐒🐒🐒🐒🐒🐒🐒🐒🐒🐒🐒🐒🐒🐒🐒🐒🐒🐒🐒🐒🐒🐒🐒🐒🐒🐒🐒🐒🐒🐒🐒🐒🐒🐒🐒🐒🐒🐒🐒🐒🐒🐒🐒🐒🐒🐒🐒🐒🐒🐒🐒🐒🐒🐒🐒🐒🐒🐒🐒🐒🐒🐒🐒🐒🐒🐒🐒🐒🐒🐒🐒🐒🐒🐒🐒🐒🐒🐒🐒🐒🐒🐒🐒🐒🐒🐒🐒🐒🐒🐒🐒🐒🐒🐒🐒🐒🐒🐒🐒🐒🐒🐒🐒🐒🐒🐒🐒🐒🐒🐒🐒🐒🐒🐒🐒🐒🐒🐒🐒🐒🐒🐒🐒🐒🐒🐒🐒🐒🐒🐒🐒🐒🐒🐒🐒🐒🐒🐒🐒🐒🐒🐒🐒🐒🐒🐒🐒🐒🐒🐒🐒🐒🐒🐒🐒🐒🐒🐒🐒🐒🐒🐒🐒🐒🐒🐒🐒🐒🐒🐒🐒🐒🐒🐒🐒🐒🐒🐒🐒🐒🐒🐒🐒🐒🐒🐒🐒🐒🐒🐒🐒🐒🐒🐒🐒🐒🐒🐒🐒🐒🐒🐒🐒🐒🐒🐒🐒🐒🐒🐒🐒🐒🐒🐒🐒🐒🐒🐒🐒🐒🐒🐒🐒🐒🐒🐒🐒🐒🐒🐒🐒🐒🐒🐒🐒🐒🐒🐒🐒🐒🐒🐒🐒🐒🐒🐒🐒🐒🐒🐒🐒🐒🐒🐒🐒🐒🐒🐒🐒🐒🐒🐒🐒🐒🐒🐒🐒🐒🐒🐒🐒🐒🐒🐒🐒🐒🐒🐒🐒🐒🐒🐒🐒🐒🐒🐒🐒🐒🐒🐒🐒🐒🐒🐒🐒🐒🐒🐒🐒🐒🐒🐒🐒🐒🐒🐒🐒🐒🐒🐒🐒🐒🐒🐒🐒🐒🐒🐒🐒🐒🐒🐒🐒🐒🐒🐒🐒🐒🐒🐒🐒🐒🐒🐒🐒🐒🐒🐒🐒🐒🐒🐒🐒🐒🐒🐒🐒🐒🐒🐒🐒🐒🐒🐒🐒🐒🐒🐒🐒🐒🐒🐒🐒🐒🐒🐒🐒🐒🐒🐒🐒🐒🐒🐒🐒🐒🐒🐒🐒🐒🐒🐒🐒🐒🐒🐒🐒🐒🐒🐒🐒🐒🐒🐒🐒🐒🐒🐒🐒🐒🐒🐒🐒🐒🐒🐒🐒🐒🐒🐒🐒🐒🐒🐒🐒🐒🐒🐒🐒🐒🐒🐒🐒🐒🐒🐒🐒🐒🐒🐒🐒🐒🐒🐒🐒🐒🐒🐒🐒🐒🐒🐒🐒🐒🐒🐒🐒🐒🐒🐒🐒🐒🐒🐒🐒🐒🐒🐒🐒🐒🐒🐒🐒🐒🐒🐒🐒🐒🐒🐒🐒🐒🐒🐒🐒🐒🐒🐒🐒🐒🐒🐒🐒🐒🐒🐒🐒🐒🐒🐒🐒🐒🐒🐒🐒🐒🐒🐒🐒🐒🐒🐒🐒🐒🐒🐒🐒🐒🐒🐒🐒🐒🐒🐒🐒🐒🐒🐒🐒🐒🐒🐒🐒🐒🐒🐒🐒🐒🐒🐒🐒🐒🐒🐒🐒🐒🐒🐒🐒🐒🐒🐒🐒🐒🐒🐒🐒🐒🐒🐒🐒🐒🐒🐒🐒🐒🐒🐒🐒🐒🐒🐒🐒🐒🐒🐒🐒🐒🐒🐒🐒🐒🐒🐒🐒🐒🐒🐒🐒🐒🐒🐒🐒🐒🐒🐒🐒🐒🐒🐒🐒🐒🐒🐒🐒🐒🐒🐒🐒🐒🐒🐒🐒🐒🐒🐒🐒🐒🐒🐒🐒🐒🐒🐒🐒🐒🐒🐒🐒🐒🐒🐒🐒🐒🐒🐒🐒🐒🐒🐒🐒🐒🐒🐒🐒🐒🐒🐒🐒🐒🐒🐒🐒🐒🐒🐒🐒🐒🐒🐒🐒🐒🐒🐒🐒🐒🐒🐒🐒🐒🐒🐒🐒🐒🐒🐒🐒🐒🐒🐒🐒🐒🐒🐒🐒🐒🐒🐒🐒🐒🐒🐒🐒🐒🐒🐒🐒🐒🐒🐒🐒🐒🐒🐒🐒🐒🐒🐒🐒🐒🐒🐒🐒🐒🐒🐒🐒🐒🐒🐒🐒🐒🐒🐒🐒🐒🐒🐒🐒🐒🐒🐒🐒🐒🐒🐒🐒🐒🐒🐒🐒🐒🐒🐒🐒🐒🐒🐒🐒🐒🐒🐒🐒🐒🐒🐒🐒🐒🐒🐒🐒🐒🐒🐒🐒🐒🐒🐒🐒🐒🐒🐒🐒🐒🐒🐒🐒🐒🐒🐒🐒🐒🐒🐒🐒🐒🐒🐒🐒🐒🐒🐒🐒🐒🐒🐒🐒🐒🐒🐒🐒🐒🐒🐒🐒🐒🐒🐒🐒🐒🐒🐒🐒🐒🐒🐒🐒🐒🐒🐒🐒🐒🐒🐒🐒🐒🐒🐒🐒🐒🐒🐒🐒🐒🐒🐒🐒🐒🐒🐒🐒🐒🐒🐒🐒🐒🐒🐒🐒🐒🐒🐒🐒🐒🐒🐒🐒🐒🐒🐒🐒🐒🐒🐒🐒🐒🐒🐒🐒🐒🐒🐒🐒🐒🐒🐒🐒🐒🐒🐒🐒🐒🐒🐒🐒🐒🐒🐒🐒🐒🐒🐒🐒🐒🐒🐒🐒🐒🐒🐒🐒🐒🐒🐒🐒🐒🐒🐒🐒🐒🐒🐒🐒🐒🐒🐒🐒🐒🐒🐒🐒🐒🐒🐒🐒🐒🐒🐒🐒🐒🐒🐒🐒🐒🐒🐒🐒🐒🐒🐒🐒🐒🐒🐒🐒🐒🐒🐒🐒🐒🐒🐒🐒🐒🐒🐒🐒🐒🐒🐒🐒🐒🐒🐒🐒🐒🐒🐒🐒🐒🐒🐒🐒🐒🐒🐒🐒🐒🐒🐒🐒🐒🐒🐒🐒🐒🐒🐒🐒🐒🐒🐒🐒🐒🐒🐒🐒🐒🐒🐒🐒🐒🐒🐒🐒🐒🐒🐒🐒🐒🐒🐒🐒🐒🐒🐒🐒🐒🐒🐒🐒🐒🐒🐒🐒🐒🐒🐒🐒🐒🐒🐒🐒🐒🐒🐒🐒🐒🐒🐒🐒🐒🐒🐒🐒🐒🐒🐒🐒🐒🐒🐒🐒🐒🐒🐒🐒🐒🐒🐒🐒🐒🐒🐒🐒🐒🐒🐒🐒🐒🐒🐒🐒🐒🐒🐒🐒🐒🐒🐒🐒🐒🐒🐒🐒🐒🐒🐒🐒🐒🐒🐒🐒🐒🐒🐒🐒🐒🐒🐒🐒🐒🐒🐒🐒🐒🐒🐒🐒🐒🐒🐒🐒🐒🐒🐒🐒🐒🐒🐒🐒🐒🐒🐒🐒🐒🐒🐒🐒🐒🐒🐒🐒🐒🐒🐒🐒🐒🐒🐒🐒🐒🐒🐒🐒🐒🐒🐒🐒🐒🐒🐒🐒🐒🐒🐒🐒🐒🐒🐒🐒🐒🐒🐒🐒🐒🐒🐒🐒🐒🐒🐒🐒🐒🐒🐒🐒🐒🐒🐒🐒🐒🐒🐒🐒🐒🐒🐒🐒🐒🐒🐒🐒🐒🐒🐒🐒🐒🐒🐒🐒🐒🐒🐒🐒🐒🐒🐒🐒🐒🐒🐒🐒🐒🐒🐒🐒🐒🐒🐒🐒🐒🐒🐒🐒🐒🐒🐒🐒🐒🐒🐒🐒🐒🐒🐒🐒🐒🐒🐒🐒🐒🐒🐒🐒🐒🐒🐒🐒🐒🐒🐒🐒🐒🐒🐒🐒🐒🐒🐒🐒🐒🐒🐒🐒🐒🐒🐒🐒🐒🐒🐒🐒🐒🐒🐒🐒🐒🐒🐒🐒🐒🐒🐒🐒🐒🐒🐒🐒🐒🐒🐒🐒🐒🐒🐒🐒🐒🐒🐒🐒🐒🐒🐒🐒🐒🐒🐒🐒🐒🐒🐒🐒🐒🐒🐒🐒🐒🐒🐒🐒🐒🐒🐒🐒🐒🐒🐒🐒🐒🐒🐒🐒🐒🐒🐒🐒🐒🐒🐒🐒🐒🐒🐒🐒🐒🐒🐒🐒🐒🐒🐒🐒🐒🐒🐒🐒🐒🐒🐒🐒🐒🐒🐒🐒🐒🐒🐒🐒🐒🐒🐒🐒🐒🐒🐒🐒🐒🐒🐒🐒🐒🐒🐒🐒🐒🐒🐒🐒🐒🐒🐒🐒🐒🐒🐒🐒🐒🐒🐒🐒🐒🐒🐒🐒🐒🐒🐒🐒🐒🐒🐒🐒🐒🐒🐒🐒🐒🐒🐒🐒🐒🐒🐒🐒🐒🐒🐒🐒🐒🐒🐒🐒🐒🐒🐒🐒🐒🐒🐒🐒🐒🐒🐒🐒🐒🐒🐒🐒🐒🐒🐒🐒🐒🐒🐒🐒🐒🐒🐒🐒🐒🐒🐒🐒🐒🐒🐒🐒🐒🐒🐒🐒🐒🐒🐒🐒🐒🐒🐒🐒🐒🐒🐒🐒🐒🐒🐒🐒🐒🐒🐒🐒🐒🐒🐒🐒🐒🐒🐒🐒🐒🐒🐒🐒🐒🐒🐒🐒🐒🐒🐒🐒🐒🐒🐒🐒🐒🐒🐒🐒🐒🐒🐒🐒🐒🐒🐒🐒🐒🐒🐒🐒🐒🐒🐒🐒🐒🐒🐒🐒🐒🐒🐒🐒🐒🐒🐒🐒🐒🐒🐒🐒🐒🐒🐒🐒🐒🐒🐒🐒🐒🐒🐒🐒🐒🐒🐒🐒🐒🐒🐒🐒🐒🐒🐒🐒🐒🐒🐒🐒🐒🐒🐒🐒🐒🐒🐒🐒🐒🐒🐒🐒🐒🐒🐒🐒🐒🐒🐒🐒🐒🐒🐒🐒🐒🐒🐒🐒🐒🐒🐒🐒🐒🐒🐒🐒🐒🐒🐒🐒🐒🐒🐒🐒🐒🐒🐒🐒🐒🐒🐒🐒🐒🐒🐒🐒🐒🐒🐒🐒🐒🐒🐒🐒🐒🐒🐒🐒🐒🐒🐒🐒🐒🐒🐒🐒🐒🐒🐒🐒🐒🐒🐒🐒🐒🐒🐒🐒🐒🐒🐒🐒🐒🐒🐒🐒🐒🐒🐒🐒🐒🐒🐒🐒🐒🐒🐒🐒🐒🐒🐒🐒🐒🐒🐒🐒🐒🐒🐒🐒🐒🐒🐒🐒🐒🐒🐒🐒🐒🐒🐒🐒🐒🐒🐒🐒🐒🐒🐒🐒🐒🐒🐒🐒🐒🐒🐒🐒🐒🐒🐒🐒🐒🐒🐒🐒🐒🐒🐒🐒🐒🐒🐒🐒🐒🐒🐒🐒🐒🐒🐒🐒🐒🐒🐒🐒🐒🐒🐒🐒🐒🐒🐒🐒🐒🐒🐒🐒🐒🐒🐒🐒🐒🐒🐒🐒🐒🐒🐒🐒🐒🐒🐒🐒🐒🐒🐒🐒🐒🐒🐒🐒🐒🐒🐒🐒🐒🐒🐒🐒🐒🐒🐒🐒🐒🐒🐒🐒🐒🐒🐒🐒🐒🐒🐒🐒🐒🐒🐒🐒🐒🐒🐒🐒🐒🐒🐒🐒🐒🐒🐒🐒🐒🐒🐒🐒🐒🐒🐒🐒🐒🐒🐒🐒🐒🐒🐒🐒🐒🐒🐒🐒🐒🐒🐒🐒🐒🐒🐒🐒🐒🐒🐒🐒🐒🐒🐒🐒🐒🐒🐒🐒🐒🐒🐒🐒🐒🐒🐒🐒🐒🐒🐒🐒🐒🐒🐒🐒🐒🐒🐒🐒🐒🐒🐒🐒🐒🐒🐒🐒🐒🐒🐒🐒🐒🐒🐒🐒🐒🐒🐒🐒🐒🐒🐒🐒🐒🐒🐒🐒🐒🐒🐒🐒🐒🐒🐒🐒🐒🐒🐒🐒🐒🐒🐒🐒🐒🐒🐒🐒🐒🐒🐒🐒🐒🐒🐒🐒🐒🐒🐒🐒🐒🐒🐒🐒🐒🐒🐒🐒🐒🐒🐒🐒🐒🐒🐒🐒🐒🐒🐒🐒🐒🐒🐒🐒🐒🐒🐒🐒🐒🐒🐒🐒🐒🐒🐒🐒🐒🐒🐒🐒🐒🐒🐒🐒🐒🐒🐒🐒🐒🐒🐒🐒🐒🐒🐒🐒🐒🐒🐒🐒🐒🐒🐒🐒🐒🐒🐒🐒🐒🐒🐒🐒🐒🐒🐒🐒🐒🐒🐒🐒🐒🐒🐒🐒🐒🐒🐒🐒🐒🐒🐒🐒🐒🐒🐒🐒🐒🐒🐒🐒🐒🐒🐒🐒🐒🐒🐒🐒🐒🐒🐒🐒🐒🐒🐒🐒🐒🐒🐒🐒🐒🐒🐒🐒🐒🐒🐒🐒🐒🐒🐒🐒🐒🐒🐒🐒🐒🐒🐒🐒🐒🐒🐒🐒🐒🐒🐒🐒🐒🐒🐒🐒🐒🐒🐒🐒🐒🐒🐒🐒🐒🐒🐒🐒🐒🐒🐒🐒🐒🐒🐒🐒🐒🐒🐒🐒🐒🐒🐒🐒🐒🐒🐒🐒🐒🐒🐒🐒🐒🐒🐒🐒🐒🐒🐒🐒🐒🐒🐒🐒🐒🐒🐒🐒🐒🐒🐒🐒🐒🐒🐒🐒🐒🐒🐒🐒🐒🐒🐒🐒🐒🐒🐒🐒🐒🐒🐒🐒🐒🐒🐒🐒🐒🐒🐒🐒🐒🐒🐒🐒🐒🐒🐒🐒🐒🐒🐒🐒🐒🐒🐒🐒🐒🐒🐒🐒🐒🐒🐒🐒🐒🐒🐒🐒🐒🐒🐒🐒🐒🐒🐒🐒🐒🐒🐒🐒🐒🐒🐒🐒🐒🐒🐒🐒🐒🐒🐒🐒🐒🐒🐒🐒🐒🐒🐒🐒🐒🐒🐒🐒🐒🐒🐒🐒🐒🐒🐒🐒🐒🐒🐒🐒🐒🐒🐒🐒🐒🐒🐒🐒🐒🐒🐒🐒🐒🐒🐒🐒🐒🐒🐒🐒🐒🐒🐒🐒🐒🐒🐒🐒🐒🐒🐒🐒🐒🐒🐒🐒🐒🐒🐒🐒🐒🐒🐒🐒🐒🐒🐒🐒🐒🐒🐒🐒🐒🐒🐒🐒🐒🐒🐒🐒🐒🐒🐒🐒🐒🐒🐒🐒🐒🐒🐒🐒🐒🐒🐒🐒🐒🐒🐒🐒🐒🐒🐒🐒🐒🐒🐒🐒🐒🐒🐒🐒🐒🐒🐒🐒🐒🐒🐒🐒🐒🐒🐒🐒🐒🐒🐒🐒🐒🐒🐒🐒🐒🐒🐒🐒🐒🐒🐒🐒🐒🐒🐒🐒🐒🐒🐒🐒🐒🐒🐒🐒🐒🐒🐒🐒🐒🐒🐒🐒🐒🐒🐒🐒🐒🐒🐒🐒🐒🐒🐒🐒🐒🐒🐒🐒🐒🐒🐒🐒🐒🐒🐒🐒🐒🐒🐒🐒🐒🐒🐒🐒🐒🐒🐒🐒🐒🐒🐒🐒🐒🐒🐒🐒🐒🐒🐒🐒🐒🐒🐒🐒🐒🐒🐒🐒🐒🐒🐒🐒🐒🐒🐒🐒🐒🐒🐒🐒🐒🐒🐒🐒🐒🐒🐒🐒🐒🐒🐒🐒🐒🐒🐒🐒🐒🐒🐒🐒🐒🐒🐒🐒🐒🐒🐒🐒🐒🐒🐒🐒🐒🐒🐒🐒🐒🐒🐒🐒🐒🐒🐒🐒🐒🐒🐒🐒🐒🐒🐒🐒🐒🐒🐒🐒🐒🐒🐒🐒🐒🐒🐒🐒🐒🐒🐒🐒🐒🐒🐒🐒🐒🐒🐒🐒🐒🐒🐒🐒🐒🐒🐒🐒🐒🐒🐒🐒🐒🐒🐒🐒🐒🐒🐒🐒🐒🐒🐒🐒🐒🐒🐒🐒🐒🐒🐒🐒🐒🐒🐒🐒🐒🐒🐒🐒🐒🐒🐒🐒🐒🐒🐒🐒🐒🐒🐒🐒🐒🐒🐒🐒🐒🐒🐒🐒🐒🐒🐒🐒🐒🐒🐒🐒🐒🐒🐒🐒🐒🐒🐒🐒🐒🐒🐒🐒🐒🐒🐒🐒🐒🐒🐒🐒🐒🐒🐒🐒🐒🐒🐒🐒🐒🐒🐒🐒🐒🐒🐒🐒🐒🐒🐒🐒🐒🐒🐒🐒🐒🐒🐒🐒🐒🐒🐒🐒🐒🐒🐒🐒🐒🐒🐒🐒🐒🐒🐒🐒🐒🐒🐒🐒🐒🐒🐒🐒🐒🐒🐒🐒🐒🐒🐒🐒🐒🐒🐒🐒🐒🐒🐒🐒🐒🐒🐒🐒🐒🐒🐒🐒🐒🐒🐒🐒🐒🐒🐒🐒🐒🐒🐒🐒🐒🐒🐒🐒🐒🐒🐒🐒🐒🐒🐒🐒🐒🐒🐒🐒🐒🐒🐒🐒🐒🐒🐒🐒🐒🐒🐒🐒🐒🐒🐒🐒🐒🐒🐒🐒🐒🐒🐒🐒🐒🐒🐒🐒🐒🐒🐒🐒🐒🐒🐒🐒🐒🐒🐒🐒🐒🐒🐒🐒🐒🐒🐒🐒🐒🐒🐒🐒🐒🐒🐒🐒🐒🐒🐒🐒🐒🐒🐒🐒🐒🐒🐒🐒🐒🐒🐒🐒🐒🐒🐒🐒🐒🐒🐒🐒🐒🐒🐒🐒🐒🐒🐒🐒🐒🐒🐒🐒🐒🐒🐒🐒🐒🐒🐒🐒🐒🐒🐒🐒🐒🐒🐒🐒🐒🐒🐒🐒🐒🐒🐒🐒🐒🐒🐒🐒🐒🐒🐒🐒🐒🐒🐒🐒🐒🐒🐒🐒🐒🐒🐒🐒🐒🐒🐒🐒🐒🐒🐒🐒🐒🐒🐒🐒🐒🐒🐒🐒🐒🐒🐒🐒🐒🐒🐒🐒🐒🐒🐒🐒🐒🐒🐒🐒🐒🐒🐒🐒🐒🐒🐒🐒🐒🐒🐒🐒🐒🐒🐒🐒🐒🐒🐒🐒🐒🐒🐒🐒🐒🐒🐒🐒🐒🐒🐒🐒🐒🐒🐒🐒🐒🐒🐒🐒🐒🐒🐒🐒🐒🐒🐒🐒🐒🐒🐒🐒🐒🐒🐒🐒🐒🐒🐒🐒🐒🐒🐒🐒🐒🐒🐒🐒🐒🐒🐒🐒🐒🐒🐒🐒🐒🐒🐒🐒🐒🐒🐒🐒🐒🐒🐒🐒🐒🐒🐒🐒🐒🐒🐒🐒🐒🐒🐒🐒🐒🐒🐒🐒🐒🐒🐒🐒🐒🐒🐒🐒🐒🐒🐒🐒🐒🐒🐒🐒🐒🐒🐒🐒🐒🐒🐒🐒🐒🐒🐒🐒🐒🐒🐒🐒🐒🐒🐒🐒🐒🐒🐒🐒🐒🐒🐒🐒🐒🐒🐒🐒🐒🐒🐒🐒🐒🐒🐒🐒🐒🐒🐒🐒🐒🐒🐒🐒🐒🐒🐒🐒🐒🐒🐒🐒🐒🐒🐒🐒🐒🐒🐒🐒🐒🐒🐒🐒🐒🐒🐒🐒🐒🐒🐒🐒🐒🐒🐒🐒🐒🐒🐒🐒🐒🐒🐒🐒🐒🐒🐒🐒🐒🐒🐒🐒🐒🐒🐒🐒🐒🐒🐒🐒🐒🐒🐒🐒🐒🐒🐒🐒🐒🐒🐒🐒🐒🐒🐒🐒🐒🐒🐒🐒🐒🐒🐒🐒🐒🐒🐒🐒🐒🐒🐒🐒🐒🐒🐒🐒🐒🐒🐒🐒🐒🐒🐒🐒🐒🐒🐒🐒🐒🐒🐒🐒🐒🐒🐒🐒🐒🐒🐒🐒🐒🐒🐒🐒🐒🐒🐒🐒🐒🐒🐒🐒🐒🐒🐒🐒🐒🐒🐒🐒🐒🐒🐒🐒🐒🐒🐒🐒🐒🐒🐒🐒🐒🐒🐒🐒🐒🐒🐒🐒🐒🐒🐒🐒🐒🐒🐒🐒🐒🐒🐒🐒🐒🐒🐒🐒🐒🐒🐒🐒🐒🐒🐒🐒🐒🐒🐒🐒🐒🐒🐒🐒🐒🐒🐒🐒🐒🐒🐒🐒🐒🐒🐒🐒🐒🐒🐒🐒🐒🐒🐒🐒🐒🐒🐒🐒🐒🐒🐒🐒🐒🐒🐒🐒🐒🐒🐒🐒🐒🐒🐒🐒🐒🐒🐒🐒🐒🐒🐒🐒🐒🐒🐒🐒🐒🐒🐒🐒🐒🐒🐒🐒🐒🐒🐒🐒🐒🐒🐒🐒🐒🐒🐒🐒🐒🐒🐒🐒🐒🐒🐒🐒🐒🐒🐒🐒🐒🐒🐒🐒🐒🐒🐒🐒🐒🐒🐒🐒🐒🐒🐒🐒🐒🐒🐒🐒🐒🐒🐒🐒🐒🐒🐒🐒🐒🐒🐒🐒🐒🐒🐒🐒🐒🐒🐒🐒🐒🐒🐒🐒🐒🐒🐒🐒🐒🐒🐒🐒🐒🐒🐒🐒🐒🐒🐒🐒🐒🐒🐒🐒🐒🐒🐒🐒🐒🐒🐒🐒🐒🐒🐒🐒🐒🐒🐒🐒🐒🐒🐒🐒🐒🐒🐒🐒🐒🐒🐒🐒🐒🐒🐒🐒🐒🐒🐒🐒🐒🐒🐒🐒🐒🐒🐒🐒🐒🐒🐒🐒🐒🐒🐒🐒🐒🐒🐒🐒🐒🐒🐒🐒🐒🐒🐒🐒🐒🐒🐒🐒🐒🐒🐒🐒🐒🐒🐒🐒🐒🐒🐒🐒🐒🐒🐒🐒🐒🐒🐒🐒🐒🐒🐒🐒🐒🐒🐒🐒🐒🐒🐒🐒🐒🐒🐒🐒🐒🐒🐒🐒🐒🐒🐒🐒🐒🐒🐒🐒🐒🐒🐒🐒🐒🐒🐒🐒🐒🐒🐒🐒🐒🐒🐒🐒🐒🐒🐒🐒🐒🐒🐒🐒🐒🐒🐒🐒🐒🐒🐒🐒🐒🐒🐒🐒🐒🐒🐒🐒🐒🐒🐒🐒🐒🐒🐒🐒🐒🐒🐒🐒🐒🐒🐒🐒🐒🐒🐒🐒🐒🐒🐒🐒🐒🐒🐒🐒🐒🐒🐒🐒🐒🐒🐒🐒🐒🐒🐒🐒🐒🐒🐒🐒🐒🐒🐒🐒🐒🐒🐒🐒🐒🐒🐒🐒🐒🐒🐒🐒🐒🐒🐒🐒🐒🐒🐒🐒🐒🐒🐒🐒🐒🐒🐒🐒🐒🐒🐒🐒🐒🐒🐒🐒🐒🐒🐒🐒🐒🐒🐒🐒🐒🐒🐒🐒🐒🐒🐒🐒🐒🐒🐒🐒🐒🐒🐒🐒🐒🐒🐒🐒🐒🐒🐒🐒🐒🐒🐒🐒🐒🐒🐒🐒🐒🐒🐒🐒🐒🐒🐒🐒🐒🐒🐒🐒🐒🐒🐒🐒🐒🐒🐒🐒🐒🐒🐒🐒🐒🐒🐒🐒🐒🐒🐒🐒🐒🐒🐒🐒🐒🐒🐒🐒🐒🐒🐒🐒🐒🐒🐒🐒🐒🐒🐒🐒🐒🐒🐒🐒🐒🐒🐒🐒🐒🐒🐒🐒🐒🐒🐒🐒🐒🐒🐒🐒🐒🐒🐒🐒🐒🐒🐒🐒🐒🐒🐒🐒🐒🐒🐒🐒🐒🐒🐒🐒🐒🐒🐒🐒🐒🐒🐒🐒🐒🐒🐒🐒🐒🐒🐒🐒🐒🐒🐒🐒🐒🐒🐒🐒🐒🐒🐒🐒🐒🐒🐒🐒🐒🐒🐒🐒🐒🐒🐒🐒🐒🐒🐒🐒🐒🐒🐒🐒🐒🐒🐒🐒🐒🐒🐒🐒🐒🐒🐒🐒🐒🐒🐒🐒🐒🐒🐒🐒🐒🐒🐒🐒🐒🐒🐒🐒🐒🐒🐒🐒🐒🐒🐒🐒🐒🐒🐒🐒🐒🐒🐒🐒🐒🐒🐒🐒🐒🐒🐒🐒🐒🐒🐒🐒🐒🐒🐒🐒🐒🐒🐒🐒🐒🐒🐒🐒🐒🐒🐒🐒🐒🐒🐒🐒🐒🐒🐒🐒🐒🐒🐒🐒🐒🐒🐒🐒🐒🐒🐒🐒🐒🐒🐒🐒🐒🐒🐒🐒🐒🐒🐒🐒🐒🐒🐒🐒🐒🐒🐒🐒🐒🐒🐒🐒🐒🐒🐒🐒🐒🐒🐒🐒🐒🐒🐒🐒🐒🐒🐒🐒🐒🐒🐒🐒🐒🐒🐒🐒🐒🐒🐒🐒🐒🐒🐒🐒🐒🐒🐒🐒🐒🐒🐒🐒🐒🐒🐒🐒🐒🐒🐒🐒🐒🐒🐒🐒🐒🐒🐒🐒🐒🐒🐒🐒🐒🐒🐒🐒🐒🐒🐒🐒🐒🐒🐒🐒🐒🐒🐒🐒🐒🐒🐒🐒🐒🐒🐒🐒🐒🐒🐒🐒🐒🐒🐒🐒🐒🐒🐒🐒🐒🐒🐒🐒🐒🐒🐒🐒🐒🐒🐒🐒🐒🐒🐒🐒🐒🐒🐒🐒🐒🐒🐒🐒🐒🐒🐒🐒🐒🐒🐒🐒🐒🐒🐒🐒🐒🐒🐒🐒🐒🐒🐒🐒🐒🐒🐒🐒🐒🐒🐒🐒🐒🐒🐒🐒🐒🐒🐒🐒🐒🐒🐒🐒🐒🐒🐒🐒🐒🐒🐒🐒🐒🐒🐒🐒🐒🐒🐒🐒🐒🐒🐒🐒🐒🐒🐒🐒🐒🐒🐒🐒🐒🐒🐒🐒🐒🐒🐒🐒🐒🐒🐒🐒🐒🐒🐒🐒🐒🐒🐒🐒🐒🐒🐒🐒🐒🐒🐒🐒🐒🐒🐒🐒🐒🐒🐒🐒🐒🐒🐒🐒🐒🐒🐒🐒🐒🐒🐒🐒🐒🐒🐒🐒🐒🐒🐒🐒🐒🐒🐒🐒🐒🐒🐒🐒🐒🐒🐒🐒🐒🐒🐒🐒🐒🐒🐒🐒🐒🐒🐒🐒🐒🐒🐒🐒🐒🐒🐒🐒🐒🐒🐒🐒🐒🐒🐒🐒🐒🐒🐒🐒🐒🐒🐒🐒🐒🐒🐒🐒🐒🐒🐒🐒🐒🐒🐒🐒🐒🐒🐒🐒🐒🐒🐒🐒🐒🐒🐒🐒🐒🐒🐒🐒🐒🐒🐒🐒🐒🐒🐒🐒🐒🐒🐒🐒🐒🐒🐒🐒🐒🐒🐒🐒🐒🐒🐒🐒🐒🐒🐒🐒🐒🐒🐒🐒🐒🐒🐒🐒🐒🐒🐒🐒🐒🐒🐒🐒🐒🐒🐒🐒🐒🐒🐒🐒🐒🐒🐒🐒🐒🐒🐒🐒🐒🐒🐒🐒🐒🐒🐒🐒🐒🐒🐒🐒🐒🐒🐒🐒🐒🐒🐒🐒🐒🐒🐒🐒🐒🐒🐒🐒🐒🐒🐒🐒🐒🐒🐒🐒🐒🐒🐒🐒🐒🐒🐒🐒🐒🐒🐒🐒🐒🐒🐒🐒🐒🐒🐒🐒🐒🐒🐒🐒🐒🐒🐒🐒🐒🐒🐒🐒🐒🐒🐒🐒🐒🐒🐒🐒🐒🐒🐒🐒🐒🐒🐒🐒🐒🐒🐒🐒🐒🐒🐒🐒🐒🐒🐒🐒🐒🐒🐒🐒🐒🐒🐒🐒🐒🐒🐒🐒🐒🐒🐒🐒🐒🐒🐒🐒🐒🐒🐒🐒🐒🐒🐒🐒🐒🐒🐒🐒🐒🐒🐒🐒🐒🐒🐒🐒🐒🐒🐒🐒🐒🐒🐒🐒🐒🐒🐒🐒🐒🐒🐒🐒🐒🐒🐒🐒🐒🐒🐒🐒🐒🐒🐒🐒🐒🐒🐒🐒🐒🐒🐒🐒🐒🐒🐒🐒🐒🐒🐒🐒🐒🐒🐒🐒🐒🐒🐒🐒🐒🐒🐒🐒🐒🐒🐒🐒🐒🐒🐒🐒🐒🐒🐒🐒🐒🐒🐒🐒🐒🐒🐒🐒🐒🐒🐒🐒🐒🐒🐒🐒🐒🐒🐒🐒🐒🐒🐒🐒🐒🐒🐒🐒🐒🐒🐒🐒🐒🐒🐒🐒🐒🐒🐒🐒🐒🐒🐒🐒🐒🐒🐒🐒🐒🐒🐒🐒🐒🐒🐒🐒🐒🐒🐒🐒🐒🐒🐒🐒🐒🐒🐒🐒🐒🐒🐒🐒🐒🐒🐒🐒🐒🐒🐒🐒🐒🐒🐒🐒🐒🐒🐒🐒🐒🐒🐒🐒🐒🐒🐒🐒🐒🐒🐒🐒🐒🐒🐒🐒🐒🐒🐒🐒🐒🐒🐒🐒🐒🐒🐒🐒🐒🐒🐒🐒🐒🐒🐒🐒🐒🐒🐒🐒🐒🐒🐒🐒🐒🐒🐒🐒🐒🐒🐒🐒🐒🐒🐒🐒🐒🐒🐒🐒🐒🐒🐒🐒🐒🐒🐒🐒🐒🐒🐒🐒🐒🐒🐒🐒🐒🐒🐒🐒🐒🐒🐒🐒🐒🐒🐒🐒🐒🐒🐒🐒🐒🐒🐒🐒🐒🐒🐒🐒🐒🐒🐒🐒🐒🐒🐒🐒🐒🐒🐒🐒🐒🐒🐒🐒🐒🐒🐒🐒🐒🐒🐒🐒🐒🐒🐒🐒🐒🐒🐒🐒🐒🐒🐒🐒🐒🐒🐒🐒🐒🐒🐒🐒🐒🐒🐒🐒🐒🐒🐒🐒🐒🐒🐒🐒🐒🐒🐒🐒🐒🐒🐒🐒🐒🐒🐒🐒🐒🐒🐒🐒🐒🐒🐒🐒🐒🐒🐒🐒🐒🐒🐒🐒🐒🐒🐒🐒🐒🐒🐒🐒🐒🐒🐒🐒🐒🐒🐒🐒🐒🐒🐒🐒🐒🐒🐒🐒🐒🐒🐒🐒🐒🐒🐒🐒🐒🐒🐒🐒🐒🐒🐒🐒🐒🐒🐒🐒🐒🐒🐒🐒🐒🐒🐒🐒🐒🐒🐒🐒🐒🐒🐒🐒🐒🐒🐒🐒🐒🐒🐒🐒🐒🐒🐒🐒🐒🐒🐒🐒🐒🐒🐒🐒🐒🐒🐒🐒🐒🐒🐒🐒🐒🐒🐒🐒🐒🐒🐒🐒🐒🐒🐒🐒🐒🐒🐒🐒🐒🐒🐒🐒🐒🐒🐒🐒🐒🐒🐒🐒🐒🐒🐒🐒🐒🐒🐒🐒🐒🐒🐒🐒🐒🐒🐒🐒🐒🐒🐒🐒🐒🐒🐒🐒🐒🐒🐒🐒🐒🐒🐒🐒🐒🐒🐒🐒🐒🐒🐒🐒🐒🐒🐒🐒🐒🐒🐒🐒🐒🐒🐒🐒🐒🐒🐒🐒🐒🐒🐒🐒🐒🐒🐒🐒🐒🐒🐒🐒🐒🐒🐒🐒🐒🐒🐒🐒🐒🐒🐒🐒🐒🐒🐒🐒🐒🐒🐒🐒🐒🐒🐒🐒🐒🐒🐒🐒🐒🐒🐒🐒🐒🐒🐒🐒🐒🐒🐒🐒🐒🐒🐒🐒🐒🐒🐒🐒🐒🐒🐒🐒🐒🐒🐒🐒🐒🐒🐒🐒🐒🐒🐒🐒🐒🐒🐒🐒🐒🐒🐒🐒🐒🐒🐒🐒🐒🐒🐒🐒🐒🐒🐒🐒🐒🐒🐒🐒🐒🐒🐒🐒🐒🐒🐒🐒🐒🐒🐒🐒🐒🐒🐒🐒🐒🐒🐒🐒🐒🐒🐒🐒🐒🐒🐒🐒🐒🐒🐒🐒🐒🐒🐒🐒🐒🐒🐒🐒🐒🐒🐒🐒🐒🐒🐒🐒🐒🐒🐒🐒🐒🐒🐒🐒🐒🐒🐒🐒🐒🐒🐒🐒🐒🐒🐒🐒🐒🐒🐒🐒🐒🐒🐒🐒🐒🐒🐒🐒🐒🐒🐒🐒🐒🐒🐒🐒🐒🐒🐒🐒🐒🐒🐒🐒🐒🐒🐒🐒🐒🐒🐒🐒🐒🐒🐒🐒🐒🐒🐒🐒🐒🐒🐒🐒🐒🐒🐒🐒🐒🐒🐒🐒🐒🐒🐒🐒🐒🐒🐒🐒🐒🐒🐒🐒🐒🐒🐒🐒🐒🐒🐒🐒🐒🐒🐒🐒🐒🐒🐒🐒🐒🐒🐒🐒🐒🐒🐒🐒🐒🐒🐒🐒🐒🐒🐒🐒🐒🐒🐒🐒🐒🐒🐒🐒🐒🐒🐒🐒🐒🐒🐒🐒🐒🐒🐒🐒🐒🐒🐒🐒🐒🐒🐒🐒🐒🐒🐒🐒🐒🐒🐒🐒🐒🐒🐒🐒🐒🐒🐒🐒🐒🐒🐒🐒🐒🐒🐒🐒🐒🐒🐒🐒🐒🐒🐒🐒🐒🐒🐒🐒🐒🐒🐒🐒🐒🐒🐒🐒🐒🐒🐒🐒🐒🐒🐒🐒🐒🐒🐒🐒🐒🐒🐒🐒🐒🐒🐒🐒🐒🐒🐒🐒🐒🐒🐒🐒🐒🐒🐒🐒🐒🐒🐒🐒🐒🐒🐒🐒🐒🐒🐒🐒🐒🐒🐒🐒🐒🐒🐒🐒🐒🐒🐒🐒🐒🐒🐒🐒🐒🐒🐒🐒🐒🐒🐒🐒🐒🐒🐒🐒🐒🐒🐒🐒🐒🐒🐒🐒🐒🐒🐒🐒🐒🐒🐒🐒🐒🐒🐒🐒🐒🐒🐒🐒🐒🐒🐒🐒🐒🐒🐒🐒🐒🐒🐒🐒🐒🐒🐒🐒🐒🐒🐒🐒🐒🐒🐒🐒🐒🐒🐒🐒🐒🐒🐒🐒🐒🐒🐒",
        "image": "cat_on_laptop.png",
        "post_date": "2023-12-12T21:55:02.458Z",
        "last_modified_date": "2023-12-12T21:55:02.458Z",
        "liked": []
    }
},
{
    "model": "world.post",
    "pk": 37,
    "fields": {
        "user": 5,
        "title": "Water",
        "description": "Yes, water",
        "image": "water.jpeg",
        "post_date": "2023-12-14T18:11:25.128Z",
        "last_modified_date": "2023-12-14T18:11:25.128Z",
        "liked": []
    }
},
{
    "model": "world.like",
    "pk": 1,
    "fields": {
        "user": 5,
        "post": 29,
        "value": "Unlike"
    }
},
{
    "model": "world.like",
    "pk": 2,
    "fields": {
        "user": 5,
        "post": 28,
        "value": "Unlike"
    }
},
{
    "model": "world.like",
    "pk": 3,
    "fields": {
        "user": 5,
        "post": 26,
        "value": "Unlike"
    }
},
{
    "model": "world.like",
    "pk": 4,
    "fields": {
        "user": 5,
        "post": 24,
        "value": "Unlike"
    }
},
{
    "model": "world.like",
    "pk": 5,
    "fields": {
        "user": 5,
        "post": 25,
        "value": "Unlike"
    }
},
{
    "model": "world.like",
    "pk": 6,
    "fields": {
        "user": 5,
        "post": 22,
        "value": "Unlike"
    }
},
{
    "model": "world.like",
    "pk": 7,
    "fields": {
        "user": 5,
        "post": 30,
        "value": "Unlike"
    }
},
{
    "model": "world.like",
    "pk": 8,
    "fields": {
        "user": 5,
        "post": 13,
        "value": "Like"
    }
},
{
    "model": "world.like",
    "pk": 9,
    "fields": {
        "user": 1,
        "post": 30,
        "value": "Unlike"
    }
},
{
    "model": "world.like",
    "pk": 10,
    "fields": {
        "user": 5,
        "post": 27,
        "value": "Unlike"
    }
},
{
    "model": "world.like",
    "pk": 11,
    "fields": {
        "user": 4,
        "post": 28,
        "value": "Unlike"
    }
},
{
    "model": "world.like",
    "pk": 12,
    "fields": {
        "user": 4,
        "post": 29,
        "value": "Like"
    }
},
{
    "model": "world.like",
    "pk": 13,
    "fields": {
        "user": 4,
        "post": 22,
        "value": "Like"
    }
},
{
    "model": "world.like",
    "pk": 14,
    "fields": {
        "user": 5,
        "post": 31,
        "value": "Unlike"
    }
},
{
    "model": "world.like",
    "pk": 15,
    "fields": {
        "user": 5,
        "post": 21,
        "value": "Like"
    }
},
{
    "model": "world.like",
    "pk": 16,
    "fields": {
        "user": 5,
        "post": 23,
        "value": "Unlike"
    }
},
{
    "model": "world.like",
    "pk": 17,
    "fields": {
        "user": 6,
        "post": 31,
        "value": "Like"
    }
},
{
    "model": "world.like",
    "pk": 18,
    "fields": {
        "user": 2,
        "post": 28,
        "value": "Like"
    }
},
{
    "model": "world.like",
    "pk": 19,
    "fields": {
        "user": 2,
        "post": 29,
        "value": "Like"
    }
},
{
    "model": "world.like",
    "pk": 20,
    "fields": {
        "user": 2,
        "post": 32,
        "value": "Like"
    }
},
{
    "model": "world.like",
    "pk": 21,
    "fields": {
        "user": 2,
        "post": 30,
        "value": "Like"
    }
},
{
    "model": "world.like",
    "pk": 22,
    "fields": {
        "user": 6,
        "post": 32,
        "value": "Like"
    }
},
{
    "model": "world.like",
    "pk": 23,
    "fields": {
        "user": 6,
        "post": 22,
        "value": "Unlike"
    }
},
{
    "model": "world.like",
    "pk": 24,
    "fields": {
        "user": 6,
        "post": 27,
        "value": "Unlike"
    }
},
{
    "model": "world.like",
    "pk": 25,
    "fields": {
        "user": 5,
        "post": 33,
        "value": "Like"
    }
},
{
    "model": "world.like",
    "pk": 26,
    "fields": {
        "user": 3,
        "post": 33,
        "value": "Like"
    }
},
{
    "model": "world.like",
    "pk": 27,
    "fields": {
        "user": 3,
        "post": 32,
        "value": "Unlike"
    }
},
{
    "model": "world.like",
    "pk": 28,
    "fields": {
        "user": 3,
        "post": 31,
        "value": "Like"
    }
},
{
    "model": "world.like",
    "pk": 29,
    "fields": {
        "user": 3,
        "post": 13,
        "value": "Like"
    }
},
{
    "model": "world.like",
    "pk": 30,
    "fields": {
        "user": 2,
        "post": 34,
        "value": "Like"
    }
},
{
    "model": "world.like",
    "pk": 31,
    "fields": {
        "user": 5,
        "post": 35,
        "value": "Like"
    }
},
{
    "model": "world.like",
    "pk": 32,
    "fields": {
        "user": 1,
        "post": 36,
        "value": "Unlike"
    }
},
{
    "model": "world.review",
    "pk": 56,
    "fields": {
        "post": 29,
        "user": 5,
        "title": "",
        "content": "I love cats too..",
        "original_date": "2023-12-04T14:19:35.371Z",
        "last_modified_date": "2023-12-04T14:19:35.371Z"
    }
},
{
    "model": "world.review",
    "pk": 57,
    "fields": {
        "post": 28,
        "user": 5,
        "title": "",
        "content": "hello",
        "original_date": "2023-12-04T14:25:16.293Z",
        "last_modified_date": "2023-12-04T14:25:16.293Z"
    }
},
{
    "model": "world.review",
    "pk": 58,
    "fields": {
        "post": 28,
        "user": 5,
        "title": "",
        "content": "hello",
        "original_date": "2023-12-04T14:26:06.395Z",
        "last_modified_date": "2023-12-04T14:26:06.395Z"
    }
},
{
    "model": "world.review",
    "pk": 59,
    "fields": {
        "post": 28,
        "user": 5,
        "title": "",
        "content": "It is really cool!!",
        "original_date": "2023-12-04T14:46:21.413Z",
        "last_modified_date": "2023-12-04T14:46:21.413Z"
    }
},
{
    "model": "world.review",
    "pk": 60,
    "fields": {
        "post": 28,
        "user": 5,
        "title": "",
        "content": "wah..",
        "original_date": "2023-12-04T15:33:16.746Z",
        "last_modified_date": "2023-12-04T15:33:16.746Z"
    }
},
{
    "model": "world.review",
    "pk": 61,
    "fields": {
        "post": 28,
        "user": 5,
        "title": "",
        "content": "You are so cool, man!!!",
        "original_date": "2023-12-04T15:33:43.160Z",
        "last_modified_date": "2023-12-04T15:33:43.160Z"
    }
},
{
    "model": "world.review",
    "pk": 62,
    "fields": {
        "post": 28,
        "user": 5,
        "title": "",
        "content": "What are you looking at, bro?",
        "original_date": "2023-12-04T15:34:11.792Z",
        "last_modified_date": "2023-12-04T15:34:11.792Z"
    }
},
{
    "model": "world.review",
    "pk": 63,
    "fields": {
        "post": 28,
        "user": 5,
        "title": "",
        "content": "I like your glasses!",
        "original_date": "2023-12-04T15:34:30.826Z",
        "last_modified_date": "2023-12-06T17:04:56.105Z"
    }
},
{
    "model": "world.review",
    "pk": 64,
    "fields": {
        "post": 29,
        "user": 5,
        "title": "",
        "content": "Still sleeping??",
        "original_date": "2023-12-04T15:38:55.630Z",
        "last_modified_date": "2023-12-14T18:16:42.598Z"
    }
},
{
    "model": "world.review",
    "pk": 65,
    "fields": {
        "post": 28,
        "user": 5,
        "title": "",
        "content": "wah wah wah",
        "original_date": "2023-12-04T15:42:03.409Z",
        "last_modified_date": "2023-12-06T18:57:41.055Z"
    }
},
{
    "model": "world.review",
    "pk": 66,
    "fields": {
        "post": 28,
        "user": 5,
        "title": "",
        "content": "I like you tie, friend",
        "original_date": "2023-12-04T15:44:54.470Z",
        "last_modified_date": "2023-12-06T18:56:10.363Z"
    }
},
{
    "model": "world.review",
    "pk": 67,
    "fields": {
        "post": 29,
        "user": 5,
        "title": "",
        "content": "Hi",
        "original_date": "2023-12-04T15:47:34.994Z",
        "last_modified_date": "2023-12-04T15:47:34.994Z"
    }
},
{
    "model": "world.review",
    "pk": 68,
    "fields": {
        "post": 28,
        "user": 5,
        "title": "",
        "content": "Ok balangza, cool, nice!",
        "original_date": "2023-12-04T17:54:33.980Z",
        "last_modified_date": "2023-12-06T19:01:51.724Z"
    }
},
{
    "model": "world.review",
    "pk": 69,
    "fields": {
        "post": 26,
        "user": 5,
        "title": "",
        "content": "Wah, Such a beautiful tower!!",
        "original_date": "2023-12-04T18:20:49.717Z",
        "last_modified_date": "2023-12-05T18:36:04.828Z"
    }
},
{
    "model": "world.review",
    "pk": 70,
    "fields": {
        "post": 25,
        "user": 5,
        "title": "",
        "content": "Where is this?",
        "original_date": "2023-12-04T19:19:03.719Z",
        "last_modified_date": "2023-12-04T19:19:03.719Z"
    }
},
{
    "model": "world.review",
    "pk": 71,
    "fields": {
        "post": 24,
        "user": 5,
        "title": "",
        "content": "I like this place...",
        "original_date": "2023-12-04T19:26:46.958Z",
        "last_modified_date": "2023-12-04T19:26:46.958Z"
    }
},
{
    "model": "world.review",
    "pk": 72,
    "fields": {
        "post": 28,
        "user": 4,
        "title": "",
        "content": "This cat is not a simple cat...",
        "original_date": "2023-12-05T14:32:57.135Z",
        "last_modified_date": "2023-12-05T14:32:57.135Z"
    }
},
{
    "model": "world.review",
    "pk": 73,
    "fields": {
        "post": 28,
        "user": 3,
        "title": "",
        "content": "Yes",
        "original_date": "2023-12-05T14:35:16.992Z",
        "last_modified_date": "2023-12-05T14:35:16.992Z"
    }
},
{
    "model": "world.review",
    "pk": 74,
    "fields": {
        "post": 22,
        "user": 5,
        "title": "",
        "content": "Beautiful!",
        "original_date": "2023-12-06T18:35:06.486Z",
        "last_modified_date": "2023-12-06T18:35:06.486Z"
    }
},
{
    "model": "world.review",
    "pk": 75,
    "fields": {
        "post": 22,
        "user": 5,
        "title": "",
        "content": "Quite",
        "original_date": "2023-12-06T18:35:37.248Z",
        "last_modified_date": "2023-12-06T18:46:02.833Z"
    }
},
{
    "model": "world.review",
    "pk": 76,
    "fields": {
        "post": 28,
        "user": 5,
        "title": "",
        "content": "I love cats",
        "original_date": "2023-12-06T19:52:16.143Z",
        "last_modified_date": "2023-12-06T19:52:16.143Z"
    }
},
{
    "model": "world.review",
    "pk": 77,
    "fields": {
        "post": 31,
        "user": 5,
        "title": "",
        "content": "It is me again",
        "original_date": "2023-12-06T20:00:12.275Z",
        "last_modified_date": "2023-12-06T20:00:12.275Z"
    }
},
{
    "model": "world.review",
    "pk": 79,
    "fields": {
        "post": 28,
        "user": 5,
        "title": "",
        "content": "I didn't use to have a cat before",
        "original_date": "2023-12-07T21:05:21.605Z",
        "last_modified_date": "2023-12-07T21:05:21.605Z"
    }
},
{
    "model": "world.review",
    "pk": 80,
    "fields": {
        "post": 29,
        "user": 2,
        "title": "",
        "content": "Hi my name is Wasila I am amazing Bala",
        "original_date": "2023-12-09T15:38:53.975Z",
        "last_modified_date": "2023-12-09T15:38:53.975Z"
    }
},
{
    "model": "world.review",
    "pk": 81,
    "fields": {
        "post": 21,
        "user": 2,
        "title": "",
        "content": "hi im Wasila and I'm friends with the admin and you stole my photo!! I'm now mad",
        "original_date": "2023-12-09T16:01:50.256Z",
        "last_modified_date": "2023-12-09T16:01:50.256Z"
    }
},
{
    "model": "world.review",
    "pk": 82,
    "fields": {
        "post": 33,
        "user": 5,
        "title": "",
        "content": "It is cute",
        "original_date": "2023-12-12T18:10:30.903Z",
        "last_modified_date": "2023-12-12T18:10:30.903Z"
    }
},
{
    "model": "world.review",
    "pk": 83,
    "fields": {
        "post": 32,
        "user": 3,
        "title": "",
        "content": "hehehehehe u like rhino",
        "original_date": "2023-12-12T21:31:32.717Z",
        "last_modified_date": "2023-12-12T21:31:32.717Z"
    }
},
{
    "model": "world.review",
    "pk": 84,
    "fields": {
        "post": 13,
        "user": 3,
        "title": "",
        "content": "I like the field too 🌾",
        "original_date": "2023-12-12T21:32:48.806Z",
        "last_modified_date": "2023-12-12T21:32:48.806Z"
    }
},
{
    "model": "world.review",
    "pk": 85,
    "fields": {
        "post": 34,
        "user": 2,
        "title": "",
        "content": "OH NOOO! I FEEL SO BAD! HAHAHAHAHAHHA",
        "original_date": "2023-12-12T21:47:46.343Z",
        "last_modified_date": "2023-12-12T21:47:46.344Z"
    }
},
{
    "model": "world.review",
    "pk": 86,
    "fields": {
        "post": 34,
        "user": 2,
        "title": "",
        "content": "Oh no balam! I love you 😘🌹 - Mommy 🥰",
        "original_date": "2023-12-12T21:48:30.153Z",
        "last_modified_date": "2023-12-12T21:48:30.153Z"
    }
},
{
    "model": "world.review",
    "pk": 87,
    "fields": {
        "post": 35,
        "user": 5,
        "title": "",
        "content": "wow! such a cute baby!",
        "original_date": "2023-12-14T19:53:04.703Z",
        "last_modified_date": "2023-12-14T19:53:04.703Z"
    }
},
{
    "model": "world.review",
    "pk": 88,
    "fields": {
        "post": 28,
        "user": 5,
        "title": "",
        "content": "That's so cool bro! I love the glasses man!! - Wasimaaaaaa",
        "original_date": "2023-12-14T19:56:06.582Z",
        "last_modified_date": "2023-12-14T19:56:06.582Z"
    }
},
{
    "model": "world.report",
    "pk": 1,
    "fields": {
        "text": "It's spam",
        "category": "spam"
    }
},
{
    "model": "world.report",
    "pk": 2,
    "fields": {
        "text": "Hate speech or symbols",
        "category": "hatred"
    }
},
{
    "model": "world.report",
    "pk": 3,
    "fields": {
        "text": "Violence or dangerous organizations",
        "category": "dangerous"
    }
},
{
    "model": "world.report",
    "pk": 4,
    "fields": {
        "text": "Suiside, self-injury or eating disorders",
        "category": "self_harmful"
    }
},
{
    "model": "world.report",
    "pk": 5,
    "fields": {
        "text": "Bullying or harassment",
        "category": "bullying"
    }
},
{
    "model": "world.report",
    "pk": 6,
    "fields": {
        "text": "Other",
        "category": "other"
    }
},
{
    "model": "world.reportreview",
    "pk": 1,
    "fields": {
        "review": 72,
        "report": 1,
        "user": 5,
        "report_text": "It's spam",
        "category": "spam"
    }
},
{
    "model": "world.reportreview",
    "pk": 2,
    "fields": {
        "review": 73,
        "report": 2,
        "user": 5,
        "report_text": "Hate speech or symbols",
        "category": "hatred"
    }
},
{
    "model": "world.reportreview",
    "pk": 4,
    "fields": {
        "review": 63,
        "report": 2,
        "user": 5,
        "report_text": "Hate speech or symbols",
        "category": "hatred"
    }
},
{
    "model": "world.reportreview",
    "pk": 5,
    "fields": {
        "review": 73,
        "report": 6,
        "user": 2,
        "report_text": "Other",
        "category": "other"
    }
},
{
    "model": "world.reportreview",
    "pk": 6,
    "fields": {
        "review": 74,
        "report": 5,
        "user": 6,
        "report_text": "Bullying or harassment",
        "category": "bullying"
    }
},
{
    "model": "world.reportreview",
    "pk": 7,
    "fields": {
        "review": 64,
        "report": 2,
        "user": 5,
        "report_text": "Hate speech or symbols",
        "category": "hatred"
    }
},
{
    "model": "world.reportreview",
    "pk": 8,
    "fields": {
        "review": 80,
        "report": 3,
        "user": 5,
        "report_text": "Violence or dangerous organizations",
        "category": "dangerous"
    }
},
{
    "model": "world.reportreview",
    "pk": 9,
    "fields": {
        "review": 83,
        "report": 3,
        "user": 3,
        "report_text": "Violence or dangerous organizations",
        "category": "dangerous"
    }
},
{
    "model": "world.reportpost",
    "pk": 1,
    "fields": {
        "post": 28,
        "report": 6,
        "user": 5,
        "report_text": "Other",
        "category": "other"
    }
},
{
    "model": "world.reportpost",
    "pk": 2,
    "fields": {
        "post": 22,
        "report": 1,
        "user": 5,
        "report_text": "It's spam",
        "category": "spam"
    }
},
{
    "model": "world.reportpost",
    "pk": 3,
    "fields": {
        "post": 31,
        "report": 4,
        "user": 5,
        "report_text": "Suiside, self-injury or eating disorders",
        "category": "self_harmful"
    }
},
{
    "model": "world.reportpost",
    "pk": 4,
    "fields": {
        "post": 24,
        "report": 3,
        "user": 5,
        "report_text": "Violence or dangerous organizations",
        "category": "dangerous"
    }
},
{
    "model": "world.reportpost",
    "pk": 5,
    "fields": {
        "post": 24,
        "report": 6,
        "user": 1,
        "report_text": "Other",
        "category": "other"
    }
},
{
    "model": "world.reportpost",
    "pk": 6,
    "fields": {
        "post": 24,
        "report": 4,
        "user": 3,
        "report_text": "Suiside, self-injury or eating disorders",
        "category": "self_harmful"
    }
}
]
